lat,lon,elevation,slope,aspect,01-07-2015,02-07-2015,03-07-2015,04-07-2015,05-07-2015,06-07-2015,07-07-2015,08-07-2015,09-07-2015,10-07-2015,11-07-2015,12-07-2015,13-07-2015,14-07-2015,15-07-2015
25.5,92.73,682,4.752552032,105.5209656,0,0,0,13,20,53.8,0,2.6,0,3,0,5,0,0,21
25.57,91.88,1521,0.728650928,208.9991302,0,7.2,0,14.9,5.7,3.1,3.7,0,4.2,0.8,0,2.2,0.8,0.4,0.4
25.62,93.67,366,0.475854754,227.9595184,0,0,0,0,0,18,24,0,1,0.5,25,2,0,0,2
25.63,94.17,1203,15.52780724,47.11017609,24.6,8.8,11.4,17.8,4.2,0,6.4,0,3.4,4.8,14.6,4.8,0,0,3.8
25.7,91.97,908,1.457437515,330.9745483,13.7,1.7,2.3,1.6,0.6,2.2,10.2,0,0,0,0,0.6,0,1.1,1.2
25.72,94.03,1125,13.46727276,357.0446472,0,9.2,6.4,3.6,0,1.6,38.6,0,1.2,2,1.6,18,0,4.2,9.8
25.75,93.18,141,0.952217698,312.0093689,0,0,0,0,0,12,0,33.2,1,0,1,19.8,0,0,0
25.8,93.58,207,4.176338196,237.7799072,2.2,2.8,0,51.6,0,32.8,4.2,0,0,12.8,27.2,16.4,0,0,0
25.83,92.83,97,4.240686893,270,0,0,0,0,3,3.8,0,0,1.2,0,0,0,0,0,1
25.87,93.43,175,3.414013386,304.01297,4,0,0,11,0,10,0,0,0,0,0,0,0,0,0
25.9,91.88,561,9.18572998,142.2842102,16.8,26.2,4,4.6,0,0,10.6,6,6.8,4.6,0,9,0,11.2,8.8
25.9,93.75,143,3.247697115,299.3456726,0,0.8,0,1.4,0,40.2,5,0,32.4,14.6,6.5,28.3,0,0,0
25.92,93.75,141,2.148596287,278.525177,0,0,0,0,0,4.2,3,0,0,0.2,6.2,7.8,0,0,0
25.95,90.22,34,0.476587951,311.9610596,0,0,0,0.2,0,0,0,18.4,5.6,0,12.8,0.2,0,7.4,9.4
25.97,92.6,71,0.708878219,90,0,0,6.2,0,2.1,0,0,4.2,2.3,0,0,5.2,3.2,5.3,8.2
26.02,89.98,31,0.729302406,330.9086609,0,0,0,23.6,0,0,0,0,7.2,1.8,4.7,0,0,1.2,48.2
26.02,93.78,139,0.77747184,114.1953888,0,0,0,0,0,7,0,0,0,0,0,45,8,0,7.5
26.07,93.13,92,1.322876453,195.5527649,0,0,0,7,12,20,0,12.2,64.3,10.2,0,0,0,0,0
26.1,91.58,51,0.729420245,29.10797501,0,0,12.9,3.2,13.8,2,7.8,2.6,0,0,28.8,0,2.6,0,42.4
26.1,94.25,1250,16.59986305,265.7202148,0,0,22.2,1.6,3.2,2.8,2.2,0,4.6,62.8,2.8,6.8,0,5.8,2.4
26.15,89.47,39,0,0,0,0.4,15.8,23.8,48.8,0,0,12.4,1.6,8.8,0,0,0,0.2,30.8
26.15,94.55,1202,24.98055649,265.8925476,1.6,4.6,42.2,4.2,1.2,0.8,0,0,12.8,42.8,49.4,2.6,0,0,2.4
26.17,89.25,44,0.954100311,48.09241104,78,0.1,40.2,55.4,111.4,0.6,0,29.2,0,4.8,14.2,0,7,9.8,66.2
26.17,90.63,43,2.222562313,106.6552124,0,0,0,9,47.4,0,0,2,0,26.2,0,0,0,25.4,31.8
26.17,92.35,61,2.333763838,114.1678696,1.6,19.4,2.2,0.8,16.4,6,3.2,56.8,16.2,0,1.2,0,33.8,0,41.2
26.17,92.67,64,1.19071734,323.3945007,0,1.2,10.2,25.3,8.4,0,5.3,61.7,16.4,0,0,10.7,23.4,0.6,40.6
26.18,90.63,44,10.55096722,273.4237976,0,0,0,20,36,0,0,1.2,5,24,0,0,0,25,12
26.2,94.82,1877,15.39924431,341.6348267,4.1,39.1,20.1,1.3,4.1,3,0,0,0,37.2,9.1,17.3,4.1,2,14.2
26.23,94.5,703,8.073673248,105.9296799,5.4,18.8,8.2,6,32.6,0,0,0,0,6.2,4.6,0,1.8,0,4.6
26.27,94.12,281,11.08931541,246.5922241,0,0,0,12.2,0,15.2,5.1,0,0,0,0,0,0,0,21.3
26.3,90.45,45,1.421557546,90,0,2.4,20.4,32.2,21,0,0,13.4,0,27.4,0,0,0,10.2,23.4
26.3,93.88,113,2.663647413,68.98286438,0,0,0,0,0,0,0,0,0,1.5,0,0,0,0,6.1
26.32,89.65,38,0.637305915,0,77.2,2.8,55.6,122.8,124.4,5.2,0,4,0,12.8,0.6,0,1.4,29,99
26.32,91.02,42,0.355517298,90,0,0,1,37.6,13.2,4,0,1.2,0,52.2,0.4,0,0,19.2,60.8
26.33,89.23,47,1.558106184,65.86161041,53,38.8,7.8,16.6,22.6,3.4,0,7.6,0,0,0.6,0,0,6,45.8
26.33,89.47,42,3.60743618,280.1623535,22.5,49.8,9,6,17,0.6,0,4.4,0,0.6,0.8,0,0,8.6,19.9
26.33,91.67,52,0.729762614,209.1562195,0,0,0,0,86,8,0,0,0,0,0,0,0,0,0
26.33,94.53,1340,8.494484901,321.446228,0,0,6,4.3,0,9.3,3.4,0,0,38.3,3,4.2,0,0,0
26.38,90.27,43,1.113541722,253.3731537,0,34,81,77,79.2,0,4.2,18.2,0,39.6,2.2,0,0.8,90.4,53.8
26.42,91.5,52,0.729897261,330.8248291,0,0,0,0,70,10,0,0,0,0,0.4,0,0,0,60.8
26.45,91.62,60,1.243316531,120.8322372,0,0,0,0,25,0,0,0,0,0,4,1,0,0,5
26.48,89.52,50,1.020029306,159.574585,14.6,9.4,102.4,28.6,12,0,0,1,0,5.4,1.2,0,6,19,150.8
26.5,91,44,0.318662822,180,0,0,4.4,36.2,14.2,3,0,0.2,0,12.8,0.4,0,0,23.4,12.4
26.52,89.2,61,1.910873413,228.1785736,22.4,57.6,36.4,14.2,34.4,14.6,0,26.2,0,6.6,0,0,22.2,1.2,44.8
26.52,89.8,59,0.780267358,65.89682007,40.4,11.6,36.6,113.2,88.8,0.2,0,11.4,0,31.4,0,0,6.8,31.6,65.6
26.52,93.97,103,0.780267358,245.8968201,0,2.1,0,0,2.2,14.6,12.6,1.1,0,0,0,0,0,0,33.6
26.53,88.72,88,0.477906913,131.8190155,0.4,0.4,28.8,37.2,47.6,2.1,0.8,41.6,0,4.2,0.4,4,0.1,23.4,93
26.55,88.75,86,1.632226229,192.6027985,0,5.2,20,17.2,103,4.6,0.6,27,0,2.6,0.4,3.8,0,20.6,76
26.58,88.68,90,0.318662822,0,6.8,0,98.4,30.6,52.6,0,1.2,4.6,0,18,0,2.8,0,57.6,177.8
26.58,88.93,81,1.020137906,339.5582275,17.8,17.4,87.8,36.4,68.2,8.2,0.6,0,0,1.2,1.6,0,0,14.6,78.6
26.62,89.8,82,0.730199337,150.7824097,64.4,19,107.4,55.4,32.4,0,0,0,0,23,0,0,28,64.6,156.4
26.62,92.78,97,9.098137856,346.520874,17,17.6,0.8,0.1,48.9,13.3,0,0.1,0.7,0,0,0,0,1.1,57.9
26.67,89.33,91,0.318662822,0,3.4,19,31,27,66,15.6,0,1,0,18,0.6,0.6,1.2,0.4,96.8
26.67,90.65,119,0.73027575,150.771698,0,0,5,78.4,47.6,0,0,0,0,6.6,13.2,0,0,27.2,48.2
26.67,90.87,76,1.663648248,220.006546,0,0,10.2,22.8,6,5.4,0,0,14,6,0,0,0,20.2,2.2
26.67,93.75,81,0.781117558,294.0752869,4.6,3.2,4.4,16.2,22.6,0,0,0,0,0,0.4,0,4.4,46,16.6
26.7,92.48,82,0.318662822,180,7,6.3,20.3,0,22.3,3,0,11,0,0,5,0,0,0,43.2
26.72,94.22,101,1.020290494,20.46476555,0,0,0.3,0.5,17,0.4,0,6.6,0,45.2,1,0,10,3.3,6.2
26.72,95.02,651,18.17002487,358.9129028,0,0,15,5,20,2,0,0,13.2,9,0,8,10,4.6,2
26.75,89.58,612,6.99127388,197.7423859,34.4,12.4,59.4,87.6,5,17.8,0,0,0,53.4,0.8,6,36.4,24.4,100.4
26.75,91.67,109,0.478418648,228.2357941,0,0,0,5.9,98.2,0,4,13.6,0,0,8,0,0,0,25.8
26.75,92.35,97,0.318662822,180,1.2,0,12.4,5.8,46.6,1.8,0,1,0,0,116.4,5.6,3.2,3.8,17.8
26.75,92.87,71,1.462248445,282.5846252,4.2,34.8,0,2.1,59.8,0,0,0,0,0,0,0,2.6,7.2,215.6
26.78,91.78,145,0.95590961,180,0,0,0,5.1,110,0,0.3,17.2,0,0,0,0,0,0,24.2
26.83,94.75,103,1.193158865,216.7630768,0,0,0,26.8,16.6,0,0,0,0,0,0,33.4,1.6,3.2,51.6
26.85,88.83,141,0,0,37.8,9,40,18.2,6,25,0,63.4,0,11.8,0.4,0,0,19.2,142
26.87,88.77,153,0.637305915,180,31.6,11.2,14.2,63.2,5.8,25.4,0,44.6,0.2,12.6,6.2,0,0.4,23.8,114.6
26.87,91.93,292,2.193288088,234.4873962,0,0,20.4,42.8,23.4,0.4,0,2.8,0,27,29,0,0,7.6,32.2
26.87,94.25,88,2.645673275,164.3439789,1.5,4.6,12,0.4,4.3,0.8,0.5,0.5,0,1.3,2.8,0,9.2,0,55.8
26.88,88.47,149,5.085262775,180,220.2,18.2,5,74.6,29.4,18.6,0.2,16.6,0,21.4,24.2,0,4.4,1.8,163.6
26.88,88.55,182,1.895932674,250.3645172,0,3.6,3.8,5.2,11.6,6,22.4,40.8,4.6,7,38.2,12.2,21.8,7.4,26
26.92,88.92,282,4.685139656,245.9716797,26.2,63.2,22,63.2,7,16.6,0,33,0,19.6,11.2,20,2,66.8,110.4
26.92,95.27,820,13.99299145,206.77948,0,0.8,0.2,19,24,0,0,0,0,3,0,15,35,0.6,30.6
26.93,88.7,275,3.976606607,99.20764923,282,0,64.2,69,18.1,28,0,55,0,89,0,105,28.5,3.2,81
26.93,93.97,83,0.478842914,48.28111267,0,1.6,6,10.6,12.6,0,0,0,0,0,0,0,0,8.2,69.2
26.98,94.62,97,0.957856357,131.7062225,0,0,0,24.2,38.4,0,0,0,0,11.4,0,8,24.6,0,0
26.98,94.63,97,1.193728566,323.2003174,5.2,3.2,2.8,14.2,51.8,0,12.6,0,0,0.2,0,0,0,0.4,46.4
27.05,88.27,2029,21.55064392,39.23506165,50,18,0,3,31.8,8,4,74.1,0,71.4,115.3,0,4.4,1.4,45.2
27.05,92.7,306,15.08276844,147.7941132,0,14,21.4,4.6,125.8,0,5.6,0,0,0,0,0,0,29.2,115.8
27.07,88.47,1191,7.807373047,223.1022034,137,0,9,0,4,11,10,93,0,10,63,0,0,0,55
27.08,88.58,1155,21.39384842,173.5918274,111,0.2,48,0.1,10,20,37,62,27,37,34,2,0,0.1,39
27.08,93.62,270,19.92683601,169.0741882,2,15.6,34.2,11,42,0,0,0,0,0,0,0,0,0,220
27.1,93.62,332,4.654193878,266.0826111,3.8,17.5,64.3,45.2,19,0,0,6.7,0.1,0.3,0.3,0,0,6.6,230
27.12,88.23,417,19.81758499,188.978302,36.6,2.8,11.2,3.2,11.8,1.6,9.4,28,1.2,21.8,69,0,3,2.2,25.8
27.12,92.12,1407,34.43376541,210.6917877,1.8,0,1,2.4,6,10.8,16,5.8,0,7.6,20.1,18.2,0,1.4,43
27.18,88.5,336,24.64181137,36.8486557,2,69.2,0.8,0.8,41.6,7,15,10.2,24.8,49.8,0,0,0.6,47,7.8
27.23,88.38,2001,35.2512207,137.0418243,68.2,18.2,71,55.8,24,43.8,52.8,30.6,31,42,79.6,0,21.6,47.8,30.6
27.23,94.12,90,0.716729999,270,4.6,13.3,19.4,16,26.1,0,0,15.2,0,1,0.2,0,0,0,89.2
27.25,94.83,99,0,0,14.4,3.2,3,22.2,29,0,0,0,0,1,0,27.4,3,4.6,31.6
27.25,95.33,121,1.194764018,216.8660126,5.6,0,22.8,23,7,0,0,0,0,4.4,0,5.6,8.6,2.2,13.4
27.25,95.75,398,20.61255646,281.0830383,2,1.8,12.6,12.8,7.6,10.4,0,0,0,38.6,1.4,11.8,8.8,1.2,42.7
27.28,88.58,1309,28.87690163,176.7476349,67,0,19,6,3,40.7,9.7,15.7,2.7,47,14.7,0,0,8.7,107.5
27.28,95.68,160,0.358540565,90,0.2,5.8,29.8,14.2,19.3,0,0,0,1.8,26.6,0,0,29.8,4.2,43.8
27.33,88.62,1569,22.47974777,93.08187866,68.3,2.3,23.3,8.6,3.4,37.6,33.7,23,8.7,49,56.2,6.1,2,11.4,52
27.33,88.63,1356,23.88544464,194.742569,72,1,27.5,10,2.4,33.6,46.2,19.2,8.9,47.6,46.8,0.7,0.2,3,63.5
27.33,93.03,522,25.91267395,308.1825562,0,0,3.4,0,6.4,5.2,0,0,0,0,5.2,0,3.2,0,3.2
27.33,94.83,100,1.122169256,106.4953156,24.4,8.4,0,29,19.3,3.6,0,0,0,19.4,0,1.1,0,12.5,53.6
27.42,94.3,98,1.195423365,36.90814972,3,13.2,32.8,34.6,131.6,0,0,8.6,0,11.8,0,10.6,7.6,21.8,82
27.45,96.33,832,16.42856216,299.3686218,3.2,1.8,0,7.8,12.6,8.6,0,0,4,0.6,2,2.4,1.4,3.4,26
27.48,95.02,117,1.668643475,139.7893982,54.4,15.4,4.2,36.4,22.6,0,0,0,0,3.2,8.6,21.4,4,3.9,31.8
27.5,88.67,3296,29.40709877,313.6886292,98,2.5,15,2,1,3,2.2,10,20,17,42,0,0,1,48
27.55,88.62,1546,20.58738518,225.8996277,8,10.4,6.2,9,13.4,3,6,15.8,5.2,2,0.2,0,2,0,0.2
27.6,88.65,1543,27.11416817,252.9458771,46.3,0,28.3,13.4,6.4,3.4,7,13,18.4,18.3,35,11,8,18,4.1
27.72,95.83,140,0.731929183,209.4588318,6.8,3.6,5.6,17,12.7,0.2,0,0,0,16,0,36.2,20,5.8,25.8
27.75,95.62,128,0.360074967,270,43.6,0.7,0,24.3,19.3,0,0,0,0,20,0,4.5,16.4,5,46.6
27.75,96.87,3715,20.74475479,310.2482605,4.2,15.2,18,0,0,0,0,0,0,0,0,5,8.2,20,0
27.83,95.78,134,0.787948966,246.1465149,27.2,3.3,2.1,45.3,21.6,0,0,0,0,6.3,0,6.2,0,0,27.2
27.92,96.17,229,0.721248984,90,37.8,19.3,0,14.5,22,0,0,0,0,9,0,25.2,10.2,3.2,21.2
28.1,95.38,182,1.926128507,131.4163666,61,8,3.4,131.3,92.2,0.7,0,0,0,6,2.1,0,8.8,43.7,141.6
28.12,95.83,314,1.914990067,250.5679779,123.4,21,0,63.2,71.4,0.8,0,0,0,16.8,0,42.4,0,9.7,115.2
28.22,95.17,1583,39.59797287,24.81410217,5,0.8,0,0,12.4,6,0,0.4,0,11.4,2.8,23,64,22,9
28.3,94.05,655,45.66381454,359.2927246,59,57.2,22.8,41,4.2,0,0,25.6,0,0,0,0,1.6,66.2,29.8
25.25,92.75,1210,4.1979012,102.74111,,,,,,,,,,,,,,,
25.25,93,313,19.86152,97.72605,,,,,,,,,,,,,,,
25.25,93.25,669,18.168678,350.58344,,,,,,,,,,,,,,,
25.5,90,90,14.099698,121.03631,,,,,,,,,,,,,,,
25.5,90.25,1209,11.556498,315.43805,,,,,,,,,,,,,,,
25.5,91.75,1724,27.602945,326.7131,,,,,,,,,,,,,,,
25.5,92.25,1295,8.0403385,297.28302,,,,,,,,,,,,,,,
25.5,92.5,1059,15.386483,180,,,,,,,,,,,,,,,
25.5,92.75,527,10.266253,216.45029,,,,,,,,,,,,,,,
25.5,93,223,22.963354,342.76508,,,,,,,,,,,,,,,
25.5,93.25,327,14.532943,115.9201,,,,,,,,,,,,,,,
25.5,93.5,485,8.533044,166.16852,,,,,,,,,,,,,,,
25.5,94.25,2125,11.484637,256.17105,,,,,,,,,,,,,,,
25.75,90,43,10.489395,330.96426,,,,,,,,,,,,,,,
25.75,90.25,158,3.2220669,286.7115,,,,,,,,,,,,,,,
25.75,90.5,203,15.190935,83.15197,,,,,,,,,,,,,,,
25.75,90.75,261,15.758658,149.36882,,,,,,,,,,,,,,,
25.75,91,593,13.421802,258.25806,,,,,,,,,,,,,,,
25.75,91.25,829,10.373979,51.75797,,,,,,,,,,,,,,,
25.75,91.5,576,14.805403,252.16817,,,,,,,,,,,,,,,
25.75,91.75,732,15.496255,103.50582,,,,,,,,,,,,,,,
25.75,92,902,16.132149,141.58434,,,,,,,,,,,,,,,
25.75,92.25,797,19.372692,345.19284,,,,,,,,,,,,,,,
25.75,92.5,764,8.425283,209.03575,,,,,,,,,,,,,,,
25.75,92.75,168,10.234491,224.17087,,,,,,,,,,,,,,,
25.75,93,128,3.598642,59.016636,,,,,,,,,,,,,,,
25.75,93.25,143,7.537641,222.77525,,,,,,,,,,,,,,,
25.75,93.5,232,5.554729,213.66956,,,,,,,,,,,,,,,
25.75,93.75,526,15.469026,139.5014,,,,,,,,,,,,,,,
25.75,94,916,17.99206,318.38852,,,,,,,,,,,,,,,
25.75,94.25,645,35.043465,143.88579,,,,,,,,,,,,,,,
26,90,37,3.4601285,143.43439,,,,,,,,,,,,,,,
26,90.25,36,4.5159945,294.199,,,,,,,,,,,,,,,
26,90.5,139,21.742445,13.050245,,,,,,,,,,,,,,,
26,90.75,77,12.924115,9.031225,,,,,,,,,,,,,,,
26,91,44,1.3872141,48.050983,,,,,,,,,,,,,,,
26,91.25,45,2.1217246,150.91277,,,,,,,,,,,,,,,
26,91.5,50,1.3872141,48.050983,,,,,,,,,,,,,,,
26,91.75,456,28.95517,15.094711,,,,,,,,,,,,,,,
26,92,333,21.25224,182.65424,,,,,,,,,,,,,,,
26,92.25,329,22.970991,342.6967,,,,,,,,,,,,,,,
26,92.5,145,17.112877,263.96396,,,,,,,,,,,,,,,
26,92.75,72,3.8450236,15.543934,,,,,,,,,,,,,,,
26,93,80,1.3872141,228.05098,,,,,,,,,,,,,,,
26,93.25,125,3.8450236,195.54393,,,,,,,,,,,,,,,
26,93.5,304,9.573787,320.15665,,,,,,,,,,,,,,,
26,93.75,159,2.1217246,29.08723,,,,,,,,,,,,,,,
26,94,702,30.641207,114.199005,,,,,,,,,,,,,,,
26,94.25,1089,18.73047,295.4466,,,,,,,,,,,,,,,
26,94.5,1806,27.451897,46.72303,,,,,,,,,,,,,,,
26.25,89,59,2.1227987,330.86066,,,,,,,,,,,,,,,
26.25,89.25,49,0.92740995,180,,,,,,,,,,,,,,,
26.25,89.5,38,0,0,,,,,,,,,,,,,,,
26.25,89.75,35,0.92740995,0,,,,,,,,,,,,,,,
26.25,90,57,4.23155,257.36227,,,,,,,,,,,,,,,
26.25,90.25,40,3.6099005,239.12416,,,,,,,,,,,,,,,
26.25,90.5,36,2.965782,159.61182,,,,,,,,,,,,,,,
26.25,90.75,40,4.1293907,90,,,,,,,,,,,,,,,
26.25,91,41,1.3888581,131.88806,,,,,,,,,,,,,,,
26.25,91.25,45,1.0340266,270,,,,,,,,,,,,,,,
26.25,91.5,49,3.4627545,216.6243,,,,,,,,,,,,,,,
26.25,91.75,196,14.209901,219.90369,,,,,,,,,,,,,,,
26.25,92,378,21.793558,35.932365,,,,,,,,,,,,,,,
26.25,92.25,60,1.3888581,131.88806,,,,,,,,,,,,,,,
26.25,92.5,60,1.0340266,90,,,,,,,,,,,,,,,
26.25,92.75,66,1.3888581,311.88806,,,,,,,,,,,,,,,
26.25,93,102,6.7820663,162.32982,,,,,,,,,,,,,,,
26.25,93.25,429,17.954708,123.33318,,,,,,,,,,,,,,,
26.25,93.5,918,25.37231,229.56804,,,,,,,,,,,,,,,
26.25,93.75,265,6.180746,90,,,,,,,,,,,,,,,
26.25,94,115,2.1227987,330.86066,,,,,,,,,,,,,,,
26.25,94.25,848,12.253958,85.72569,,,,,,,,,,,,,,,
26.25,94.5,822,22.0527,2.553666,,,,,,,,,,,,,,,
26.25,94.75,1563,18.073872,37.472057,,,,,,,,,,,,,,,
26.5,88.75,78,2.2696187,294.10696,,,,,,,,,,,,,,,
26.5,89,69,1.3905253,228.17354,,,,,,,,,,,,,,,
26.5,89.25,63,1.0362657,270,,,,,,,,,,,,,,,
26.5,89.5,45,1.0362657,90,,,,,,,,,,,,,,,
26.5,89.75,51,0.92740995,180,,,,,,,,,,,,,,,
26.5,90,54,1.0362657,90,,,,,,,,,,,,,,,
26.5,90.25,55,0,0,,,,,,,,,,,,,,,
26.5,90.5,60,1.3905253,311.82645,,,,,,,,,,,,,,,
26.5,90.75,46,6.783408,17.70606,,,,,,,,,,,,,,,
26.5,91,43,0.92740995,0,,,,,,,,,,,,,,,
26.5,91.25,46,1.3905253,228.17354,,,,,,,,,,,,,,,
26.5,91.5,59,2.9665608,339.57132,,,,,,,,,,,,,,,
26.5,91.75,63,3.2410674,253.38956,,,,,,,,,,,,,,,
26.5,92,64,3.6156466,59.17873,,,,,,,,,,,,,,,
26.5,92.25,57,4.9801598,56.13046,,,,,,,,,,,,,,,
26.5,92.5,66,4.7409987,347.40253,,,,,,,,,,,,,,,
26.5,92.75,68,2.2696187,294.10696,,,,,,,,,,,,,,,
26.5,93,92,3.7047918,180,,,,,,,,,,,,,,,
26.5,93.25,262,3.7047918,0,,,,,,,,,,,,,,,
26.5,93.5,610,9.195146,0,,,,,,,,,,,,,,,
26.5,93.75,111,3.1060898,90,,,,,,,,,,,,,,,
26.5,94,102,2.2696187,245.89305,,,,,,,,,,,,,,,
26.5,94.25,336,45.778633,333.89108,,,,,,,,,,,,,,,
26.5,94.5,660,20.277285,203.0583,,,,,,,,,,,,,,,
26.5,94.75,568,17.77529,343.6139,,,,,,,,,,,,,,,
26.5,95,1363,17.77529,163.61388,,,,,,,,,,,,,,,
26.75,88.75,107,1.3922163,131.76418,,,,,,,,,,,,,,,
26.75,89,133,4.24416,330.75452,,,,,,,,,,,,,,,
26.75,89.25,178,0.92740995,180,,,,,,,,,,,,,,,
26.75,89.5,212,4.83339,40.02641,,,,,,,,,,,,,,,
26.75,90.25,193,4.540373,114.06026,,,,,,,,,,,,,,,
26.75,90.5,132,2.273756,114.06026,,,,,,,,,,,,,,,
26.75,90.75,252,1.3922163,228.23582,,,,,,,,,,,,,,,
26.75,91,82,1.0385344,270,,,,,,,,,,,,,,,
26.75,91.25,69,5.547545,180,,,,,,,,,,,,,,,
26.75,91.5,116,1.3922163,228.23582,,,,,,,,,,,,,,,
26.75,91.75,126,8.296467,48.235817,,,,,,,,,,,,,,,
26.75,92,109,0.92740995,180,,,,,,,,,,,,,,,
26.75,92.25,96,5.497656,109.6563,,,,,,,,,,,,,,,
26.75,92.5,89,0,0,,,,,,,,,,,,,,,
26.75,92.75,74,3.2475712,253.42386,,,,,,,,,,,,,,,
26.75,93,77,4.249056,77.415375,,,,,,,,,,,,,,,
26.75,93.25,89,3.112878,90,,,,,,,,,,,,,,,
26.75,93.5,66,0,0,,,,,,,,,,,,,,,
26.75,93.75,70,0,0,,,,,,,,,,,,,,,
26.75,94,87,3.8468215,164.35979,,,,,,,,,,,,,,,
26.75,94.25,94,1.3922163,48.235817,,,,,,,,,,,,,,,
26.75,94.5,120,3.4681227,143.25627,,,,,,,,,,,,,,,
26.75,94.75,342,13.067188,290.40897,,,,,,,,,,,,,,,
26.75,95,682,16.16744,223.45772,,,,,,,,,,,,,,,
26.75,95.25,1129,12.905451,336.69794,,,,,,,,,,,,,,,
27,88.5,688,32.220226,252.04755,,,,,,,,,,,,,,,
27,88.75,826,29.333141,33.341534,,,,,,,,,,,,,,,
27,92.25,1100,16.196566,141.2822,,,,,,,,,,,,,,,
27,92.5,783,4.246396,29.299534,,,,,,,,,,,,,,,
27,92.75,111,2.1261177,150.70047,,,,,,,,,,,,,,,
27,93,374,20.744675,230.12737,,,,,,,,,,,,,,,
27,93.25,334,11.883978,180,,,,,,,,,,,,,,,
27,93.5,624,18.860895,161.39172,,,,,,,,,,,,,,,
27,93.75,98,2.277949,294.01312,,,,,,,,,,,,,,,
27,94,82,3.2541616,253.45847,,,,,,,,,,,,,,,
27,94.25,86,2.277949,294.01312,,,,,,,,,,,,,,,
27,94.5,87,1.3939312,311.70123,,,,,,,,,,,,,,,
27,94.75,94,4.7419906,347.3488,,,,,,,,,,,,,,,
27,95,114,1.8543341,0,,,,,,,,,,,,,,,
27,95.25,411,17.361853,261.06418,,,,,,,,,,,,,,,
27,95.5,633,27.36993,165.77902,,,,,,,,,,,,,,,
27,95.75,1348,23.138527,33.55205,,,,,,,,,,,,,,,
27.25,88.25,950,33.633125,99.80748,,,,,,,,,,,,,,,
27.25,88.5,1169,28.035406,223.14827,,,,,,,,,,,,,,,
27.25,88.75,2075,47.150093,285.68167,,,,,,,,,,,,,,,
27.25,92.25,2749,6.302458,261.57184,,,,,,,,,,,,,,,
27.25,92.5,2194,32.071663,231.68289,,,,,,,,,,,,,,,
27.25,92.75,1656,32.265163,0,,,,,,,,,,,,,,,
27.25,93,994,19.560404,283.16763,,,,,,,,,,,,,,,
27.25,93.25,1831,28.08887,225.76385,,,,,,,,,,,,,,,
27.25,93.5,883,21.775602,140.34712,,,,,,,,,,,,,,,
27.25,93.75,767,25.561356,147.7928,,,,,,,,,,,,,,,
27.25,94,107,3.8480663,164.29352,,,,,,,,,,,,,,,
27.25,94.25,90,1.3956702,48.362354,,,,,,,,,,,,,,,
27.25,94.5,93,4.2486653,150.64578,,,,,,,,,,,,,,,
27.25,94.75,99,1.0431615,270,,,,,,,,,,,,,,,
27.25,95,108,2.127257,150.64578,,,,,,,,,,,,,,,
27.25,95.25,119,0,0,,,,,,,,,,,,,,,
27.25,95.5,163,2.127257,209.35422,,,,,,,,,,,,,,,
27.25,95.75,394,27.93471,285.94757,,,,,,,,,,,,,,,
27.25,96,523,29.585361,3.6777096,,,,,,,,,,,,,,,
27.25,97,1844,4.7424974,167.32138,,,,,,,,,,,,,,,
27.5,88.25,4953,30.36573,207.85468,,,,,,,,,,,,,,,
27.5,88.5,1728,26.052437,153.38644,,,,,,,,,,,,,,,
27.5,88.75,3953,37.885365,232.89001,,,,,,,,,,,,,,,
27.5,91.75,2066,25.832155,289.5349,,,,,,,,,,,,,,,
27.5,92,4061,38.958115,19.78887,,,,,,,,,,,,,,,
27.5,92.25,2828,33.508377,304.21735,,,,,,,,,,,,,,,
27.5,92.5,2260,20.434616,17.090977,,,,,,,,,,,,,,,
27.5,92.75,1802,31.916794,55.12593,,,,,,,,,,,,,,,
27.5,93,789,24.760279,45.416454,,,,,,,,,,,,,,,
27.5,93.25,2246,38.19932,76.92147,,,,,,,,,,,,,,,
27.5,93.5,1676,27.12396,325.2481,,,,,,,,,,,,,,,
27.5,93.75,1170,5.644003,169.35837,,,,,,,,,,,,,,,
27.5,94,1830,44.776573,153.80519,,,,,,,,,,,,,,,
27.5,94.25,115,5.547545,0,,,,,,,,,,,,,,,
27.5,94.5,108,4.276191,102.50317,,,,,,,,,,,,,,,
27.5,94.75,105,1.3974335,311.57336,,,,,,,,,,,,,,,
27.5,95,115,1.0455204,270,,,,,,,,,,,,,,,
27.5,95.25,118,1.8543341,0,,,,,,,,,,,,,,,
27.5,95.5,132,2.2865055,293.91754,,,,,,,,,,,,,,,
27.5,95.75,155,2.0903451,270,,,,,,,,,,,,,,,
27.5,96,171,1.3974335,228.42662,,,,,,,,,,,,,,,
27.5,96.25,261,8.306406,270,,,,,,,,,,,,,,,
27.5,96.5,437,4.2509685,150.59044,,,,,,,,,,,,,,,
27.5,96.75,2326,27.142254,18.686287,,,,,,,,,,,,,,,
27.75,88.25,4924,3.140931,270,,,,,,,,,,,,,,,
27.75,88.5,4941,33.316418,16.158054,,,,,,,,,,,,,,,
27.75,88.75,3875,27.038113,217.53767,,,,,,,,,,,,,,,
27.75,91.75,4013,27.723864,240.47313,,,,,,,,,,,,,,,
27.75,92,4265,32.627502,270,,,,,,,,,,,,,,,
27.75,92.25,4975,26.455252,315.69955,,,,,,,,,,,,,,,
27.75,92.5,3551,28.135603,151.38763,,,,,,,,,,,,,,,
27.75,92.75,3569,34.712734,240.61292,,,,,,,,,,,,,,,
27.75,93,1631,38.42911,109.05292,,,,,,,,,,,,,,,
27.75,93.25,1878,31.579576,56.42615,,,,,,,,,,,,,,,
27.75,93.5,1536,34.65625,107.72278,,,,,,,,,,,,,,,
27.75,93.75,1420,33.316418,16.158054,,,,,,,,,,,,,,,
27.75,94,525,29.644764,94.895096,,,,,,,,,,,,,,,
27.75,94.25,568,41.679546,180,,,,,,,,,,,,,,,
27.75,94.5,298,43.454937,112.07842,,,,,,,,,,,,,,,
27.75,94.75,623,32.305206,166.61884,,,,,,,,,,,,,,,
27.75,95,116,1.3992217,228.49156,,,,,,,,,,,,,,,
27.75,95.25,117,3.274461,253.56416,,,,,,,,,,,,,,,
27.75,95.5,124,1.3992217,48.49157,,,,,,,,,,,,,,,
27.75,95.75,139,1.0479101,90,,,,,,,,,,,,,,,
27.75,96,190,4.1846514,270,,,,,,,,,,,,,,,
27.75,96.25,274,3.274461,253.56416,,,,,,,,,,,,,,,
27.75,96.5,2003,27.131435,268.18967,,,,,,,,,,,,,,,
27.75,96.75,1767,42.72811,240.61292,,,,,,,,,,,,,,,
27.75,97,2930,30.18388,77.13521,,,,,,,,,,,,,,,
28,88.5,5306,22.844776,177.50575,,,,,,,,,,,,,,,
28,88.75,5096,5.6448846,10.689473,,,,,,,,,,,,,,,
28,92.75,4711,35.5932,87.407455,,,,,,,,,,,,,,,
28,93,2517,14.23286,196.8053,,,,,,,,,,,,,,,
28,93.25,2287,50.241642,10.546349,,,,,,,,,,,,,,,
28,93.5,567,23.617493,38.97212,,,,,,,,,,,,,,,
28,93.75,566,36.517094,139.92484,,,,,,,,,,,,,,,
28,94,1789,26.000563,295.5601,,,,,,,,,,,,,,,
28,94.25,297,8.464908,150.47777,,,,,,,,,,,,,,,
28,94.5,763,22.566555,56.952255,,,,,,,,,,,,,,,
28,94.75,812,5.552739,109.452156,,,,,,,,,,,,,,,
28,95,778,9.143156,232.88112,,,,,,,,,,,,,,,
28,95.25,206,1.4010348,131.44281,,,,,,,,,,,,,,,
28,95.5,149,1.8543341,180,,,,,,,,,,,,,,,
28,95.75,160,2.099956,90,,,,,,,,,,,,,,,
28,96,244,2.7802885,0,,,,,,,,,,,,,,,
28,96.25,747,30.168081,329.69147,,,,,,,,,,,,,,,
28,96.5,2015,37.749226,83.99951,,,,,,,,,,,,,,,
28,96.75,1459,9.977052,236.48705,,,,,,,,,,,,,,,
28,97,2411,25.16429,182.2365,,,,,,,,,,,,,,,
28,97.25,4325,42.82052,132.94354,,,,,,,,,,,,,,,
28.25,93.25,2324,37.223022,97.345535,,,,,,,,,,,,,,,
28.25,93.5,3536,46.428185,197.28972,,,,,,,,,,,,,,,
28.25,93.75,2926,42.529507,247.15453,,,,,,,,,,,,,,,
28.25,94,2371,31.663212,13.790718,,,,,,,,,,,,,,,
28.25,94.25,941,33.148,260.00827,,,,,,,,,,,,,,,
28.25,94.5,1579,29.993584,348.98743,,,,,,,,,,,,,,,
28.25,94.75,588,34.612465,20.251274,,,,,,,,,,,,,,,
28.25,95,457,26.769531,288.71658,,,,,,,,,,,,,,,
28.25,95.25,1442,43.367702,12.356938,,,,,,,,,,,,,,,
28.25,95.5,1717,30.341913,14.546178,,,,,,,,,,,,,,,
28.25,95.75,420,19.207037,201.66917,,,,,,,,,,,,,,,
28.25,96,3055,14.605949,209.57956,,,,,,,,,,,,,,,
28.25,96.25,3720,13.691283,37.11879,,,,,,,,,,,,,,,
28.25,96.5,1438,24.952719,228.62347,,,,,,,,,,,,,,,
28.25,96.75,3697,32.837048,314.61346,,,,,,,,,,,,,,,
28.25,97,2538,40.021255,19.16309,,,,,,,,,,,,,,,
28.25,97.25,4396,42.480053,35.590492,,,,,,,,,,,,,,,
28.5,93.5,3214,40.686626,356.31473,,,,,,,,,,,,,,,
28.5,93.75,3359,17.2397,108.23997,,,,,,,,,,,,,,,
28.5,94,2828,31.001543,297.2561,,,,,,,,,,,,,,,
28.5,94.25,2562,45.945435,138.74516,,,,,,,,,,,,,,,
28.5,94.5,1432,15.624672,138.80426,,,,,,,,,,,,,,,
28.5,94.75,2282,39.306793,161.63974,,,,,,,,,,,,,,,
28.5,95,1371,36.38932,271.2586,,,,,,,,,,,,,,,
28.5,95.25,1237,23.389723,238.40134,,,,,,,,,,,,,,,
28.5,95.5,1945,37.85547,181.358,,,,,,,,,,,,,,,
28.5,95.75,1768,41.480568,249.64232,,,,,,,,,,,,,,,
28.5,96,4025,34.750317,259.24124,,,,,,,,,,,,,,,
28.5,96.25,3056,11.089818,214.32275,,,,,,,,,,,,,,,
28.75,94,4092,31.700481,354.85452,,,,,,,,,,,,,,,
28.75,94.25,2630,28.997068,344.5433,,,,,,,,,,,,,,,
28.75,94.5,3091,20.684423,43.207924,,,,,,,,,,,,,,,
28.75,94.75,1040,38.009098,82.86107,,,,,,,,,,,,,,,
28.75,95,1644,26.605572,275.56387,,,,,,,,,,,,,,,
28.75,95.25,2461,43.04476,245.41957,,,,,,,,,,,,,,,
28.75,95.5,2586,42.066166,350.58008,,,,,,,,,,,,,,,
28.75,95.75,3079,37.466766,353.08148,,,,,,,,,,,,,,,
28.75,96,3390,35.68666,187.38518,,,,,,,,,,,,,,,
28.75,96.25,2895,47.101875,210.9772,,,,,,,,,,,,,,,
28.75,96.5,3233,7.188668,206.05083,,,,,,,,,,,,,,,
29,94.5,2197,38.07199,104.3586,,,,,,,,,,,,,,,
29,94.75,2312,33.557865,162.1263,,,,,,,,,,,,,,,
29,95,1380,26.306494,169.21112,,,,,,,,,,,,,,,
29,95.25,3956,26.597145,125.58743,,,,,,,,,,,,,,,
29,95.5,2988,36.55085,309.28976,,,,,,,,,,,,,,,
29,95.75,1850,32.96748,267.13882,,,,,,,,,,,,,,,
29,96,3788,41.319435,235.19257,,,,,,,,,,,,,,,
29.25,94.75,4659,33.12804,84.30564,,,,,,,,,,,,,,,
29.25,95.75,3963,14.021931,74.97268,,,,,,,,,,,,,,,
29.25,96,4324,12.280429,194.8151,,,,,,,,,,,,,,,
